id,first_name,last_name,email,gender,Currency
1,Johny,Autie,jautie0@squarespace.com,Male,Yuan Renminbi
2,Moise,Siburn,msiburn1@google.co.jp,Male,Dollar
3,Meggi,Hewkin,mhewkin2@squidoo.com,Female,Yuan Renminbi
4,Halimeda,Ford,hford3@ehow.com,Female,Real
5,Gaby,Durek,gdurek4@phpbb.com,Bigender,Dollar
6,Marjory,Harwin,mharwin5@hud.gov,Female,Baht
7,Zebedee,Philips,zphilips6@webmd.com,Male,Franc
8,Lorraine,Burchfield,lburchfield7@bandcamp.com,Female,Ruble
9,Burty,Anthoney,banthoney8@ted.com,Male,Shilling
10,Brandi,Klass,bklass9@liveinternet.ru,Female,Real
11,Felice,Micheu,fmicheua@cbsnews.com,Female,Peso
12,Sebastiano,Ruffle,sruffleb@dagondesign.com,Male,Ruble
13,Niki,Rickert,nrickertc@google.de,Male,Krona
14,Jo-anne,Hackley,jhackleyd@archive.org,Female,Yuan Renminbi
15,Andree,McNee,amcneee@ezinearticles.com,Female,Riels
16,Basil,Jain,bjainf@diigo.com,Male,Euro
17,Carl,Keymar,ckeymarg@harvard.edu,Male,Krone
18,Aigneis,Harkess,aharkessh@phoca.cz,Female,Lev
19,Nomi,Barnewall,nbarnewalli@deviantart.com,Female,Euro
20,Kylie,Rishworth,krishworthj@deliciousdays.com,Female,Sol
21,Gerianna,Mangeon,gmangeonk@github.io,Female,Yen
22,Chlo,Tebald,ctebaldl@ed.gov,Female,Kuna
23,Kiley,Schukraft,kschukraftm@i2i.jp,Male,Euro
24,Germaine,Giurio,ggiurion@theglobeandmail.com,Female,Pound
25,Emily,Daintry,edaintryo@icio.us,Female,Ngultrum
26,Rob,Clemow,rclemowp@hugedomains.com,Male,Ruble
27,Tobie,Corradeschi,tcorradeschiq@auda.org.au,Male,Dollar
28,Gretel,Bygrove,gbygrover@si.edu,Female,Peso
29,Herminia,Prandini,hprandinis@parallels.com,Female,Real
30,Abbie,Keelin,akeelint@comcast.net,Genderfluid,Dinar
31,Arlette,Blick,ablicku@webeden.co.uk,Female,Peso
32,Tomlin,Barbara,tbarbarav@go.com,Genderfluid,Yuan Renminbi
33,Reuben,Giabucci,rgiabucciw@spiegel.de,Male,Ruble
34,Hallie,Seamon,hseamonx@hibu.com,Female,Euro
35,Bernete,O'Shiel,boshiely@delicious.com,Female,Sol
36,Carlyle,Briggs,cbriggsz@google.co.uk,Male,Ruble
37,Boycie,Weedenburg,bweedenburg10@reddit.com,Male,Real
38,Nessy,Bernardotti,nbernardotti11@narod.ru,Female,Euro
39,Imogene,Betjeman,ibetjeman12@adobe.com,Female,Dollar
40,Cull,Gitsham,cgitsham13@bloglovin.com,Bigender,Yuan Renminbi
41,Ingrim,Letcher,iletcher14@de.vu,Male,Sol
42,Alix,Sowten,asowten15@time.com,Female,Yuan Renminbi
43,Franky,Roseblade,froseblade16@myspace.com,Female,Yuan Renminbi
44,Merrill,Richichi,mrichichi17@tripadvisor.com,Female,Euro
45,Alix,MacCallum,amaccallum18@usnews.com,Female,Krona
46,Quentin,Swaysland,qswaysland19@npr.org,Female,Euro
47,Erek,Philliphs,ephilliphs1a@tiny.cc,Male,Pound
48,Pip,Govern,pgovern1b@tripod.com,Male,Pound
49,Killian,Blowfield,kblowfield1c@businessinsider.com,Male,Lev
50,Keir,Hegdonne,khegdonne1d@shinystat.com,Agender,Real
51,Tab,Eckh,teckh1e@blogger.com,Male,Franc
52,Ynez,Cossentine,ycossentine1f@com.com,Female,Yuan Renminbi
53,Consuelo,Lammas,clammas1g@reverbnation.com,Female,Yen
54,Veda,Ovens,vovens1h@deliciousdays.com,Female,Yuan Renminbi
55,Helga,Gingel,hgingel1i@slashdot.org,Bigender,Tugrik
56,Lodovico,Dhennin,ldhennin1j@jugem.jp,Male,Peso
57,Elvis,Stelfax,estelfax1k@unesco.org,Male,Zloty
58,Gert,Jozef,gjozef1l@sciencedaily.com,Female,Yuan Renminbi
59,Aurore,Pickless,apickless1m@dot.gov,Female,Peso
60,Adlai,Culcheth,aculcheth1n@businessweek.com,Male,Dollar
61,Mordecai,Legion,mlegion1o@miitbeian.gov.cn,Male,Koruna
62,Gerry,Ebdon,gebdon1p@archive.org,Male,Rupiah
63,Romonda,Ciementini,rciementini1q@behance.net,Female,Ruble
64,Shina,Bendixen,sbendixen1r@illinois.edu,Female,Yuan Renminbi
65,Gayelord,Corrin,gcorrin1s@godaddy.com,Genderfluid,Krona
66,Zackariah,Baudinot,zbaudinot1t@unicef.org,Male,Euro
67,Lainey,Gutierrez,lgutierrez1u@goo.ne.jp,Female,Yuan Renminbi
68,Megen,Barkworth,mbarkworth1v@discuz.net,Female,Yuan Renminbi
69,Garrott,Trassler,gtrassler1w@t-online.de,Male,Baht
70,Sindee,Lyven,slyven1x@nyu.edu,Female,Peso
71,Elena,Huyge,ehuyge1y@bizjournals.com,Female,Euro
72,Mendy,Jordan,mjordan1z@dell.com,Male,Yuan Renminbi
73,Clarinda,Dunbar,cdunbar20@hibu.com,Female,Yen
74,Marsha,Meriel,mmeriel21@gnu.org,Female,Euro
75,Rosina,Waud,rwaud22@weebly.com,Female,Zloty
76,Gaylor,Fitzsimons,gfitzsimons23@china.com.cn,Male,Dollar
77,Rhona,Ludee,rludee24@hao123.com,Female,Euro
78,Dulce,Pine,dpine25@google.es,Female,Zloty
79,Brigit,Astbury,bastbury26@google.com.br,Female,Baht
80,Raimund,Ramiro,rramiro27@sfgate.com,Male,Zloty
81,Cherye,Sammars,csammars28@gmpg.org,Female,Peso
82,Erick,Pole,epole29@photobucket.com,Non-binary,Euro
83,Loella,Cummings,lcummings2a@stumbleupon.com,Female,Quetzal
84,Mikol,Davy,mdavy2b@ameblo.jp,Male,Peso
85,Jeremiah,Watmough,jwatmough2c@addthis.com,Male,Rupiah
86,Colene,Okell,cokell2d@infoseek.co.jp,Female,Peso
87,Jordan,Mahedy,jmahedy2e@auda.org.au,Agender,Koruna
88,Lambert,Franek,lfranek2f@topsy.com,Male,Ruble
89,Teodora,Labarre,tlabarre2g@narod.ru,Bigender,Peso
90,Ezri,Fryett,efryett2h@wufoo.com,Male,Taka
91,Lennie,Killigrew,lkilligrew2i@umich.edu,Genderqueer,Won
92,Deonne,Boame,dboame2j@baidu.com,Female,Rupiah
93,Sheffie,Polet,spolet2k@com.com,Male,Yuan Renminbi
94,Hanni,Baszniak,hbaszniak2l@buzzfeed.com,Female,Kuna
95,Mikey,Corrie,mcorrie2m@google.co.uk,Male,Yuan Renminbi
96,Iolande,Breheny,ibreheny2n@yellowbook.com,Female,Rupee
97,Kamillah,Scorah,kscorah2o@blogger.com,Female,Colon
98,Ula,Carlesso,ucarlesso2p@webeden.co.uk,Female,Yuan Renminbi
99,Baxter,Rubinovitsch,brubinovitsch2q@nymag.com,Male,Yuan Renminbi
100,Douglass,MacAirt,dmacairt2r@lulu.com,Male,Ariary
101,Sunny,Prine,sprine2s@bing.com,Female,Som
102,Mikaela,Twinbourne,mtwinbourne2t@wp.com,Polygender,Dram
103,Anthea,Jouanet,ajouanet2u@weibo.com,Female,Yuan Renminbi
104,Amalea,Mitroshinov,amitroshinov2v@google.it,Female,Peso
105,Tony,Bowditch,tbowditch2w@ebay.co.uk,Male,Guarani
106,Darb,Brough,dbrough2x@geocities.com,Male,Lek
107,Jasmina,Banbrook,jbanbrook2y@godaddy.com,Non-binary,Real
108,Booth,Ceresa,bceresa2z@nytimes.com,Male,Sol
109,Cart,Cohr,ccohr30@scribd.com,Male,Yuan Renminbi
110,Anselm,Lacer,alacer31@photobucket.com,Male,Euro
111,Esteban,Farrand,efarrand32@va.gov,Male,Somoni
112,Jerrine,Dachey,jdachey33@go.com,Female,Rial
113,Drew,Jantet,djantet34@furl.net,Male,Rupiah
114,Lurline,Rubinowitz,lrubinowitz35@nhs.uk,Female,Euro
115,Glad,Atkins,gatkins36@privacy.gov.au,Female,Yuan Renminbi
116,Malinda,McKilroe,mmckilroe37@netvibes.com,Female,Lek
117,Witty,Slot,wslot38@mail.ru,Male,Rupee
118,Laetitia,Rotchell,lrotchell39@nyu.edu,Female,Yuan Renminbi
119,Marv,Bows,mbows3a@timesonline.co.uk,Male,Zloty
120,Aveline,Vicary,avicary3b@cdc.gov,Female,Yuan Renminbi
121,Maxie,Wooding,mwooding3c@mediafire.com,Male,Som
122,Marylee,Bortoletti,mbortoletti3d@i2i.jp,Female,Hryvnia
123,Joyan,Mochan,jmochan3e@mit.edu,Non-binary,Naira
124,Kenneth,Lowman,klowman3f@theguardian.com,Non-binary,Ruble
125,Corrie,Drewe,cdrewe3g@mapy.cz,Male,Dollar
126,Garnet,Perrone,gperrone3h@nifty.com,Female,Tugrik
127,Dominga,Valett,dvalett3i@xrea.com,Female,Yuan Renminbi
128,Kimbell,Bines,kbines3j@pinterest.com,Male,Yuan Renminbi
129,Elianore,Argabrite,eargabrite3k@ning.com,Female,Zloty
130,Nealson,Pow,npow3l@spotify.com,Male,Shilling
131,Janeva,Jeff,jjeff3m@merriam-webster.com,Female,Yuan Renminbi
132,Gilbertina,Spilling,gspilling3n@pagesperso-orange.fr,Female,Yuan Renminbi
133,Carlin,Lauga,clauga3o@ted.com,Non-binary,Euro
134,Natalya,MacAllester,nmacallester3p@soup.io,Genderqueer,Ruble
135,Tracie,Jeaycock,tjeaycock3q@zdnet.com,Female,Peso
136,Rorke,Errichiello,rerrichiello3r@tuttocitta.it,Male,Euro
137,Luce,Kerrey,lkerrey3s@ed.gov,Female,Euro
138,Nathaniel,Arniz,narniz3t@xinhuanet.com,Male,Yuan Renminbi
139,Valida,Batt,vbatt3u@hatena.ne.jp,Female,Shekel
140,Luke,Beinke,lbeinke3v@issuu.com,Male,Franc
141,Teodora,Hacard,thacard3w@uiuc.edu,Genderqueer,Sol
142,Luella,Ewbanck,lewbanck3x@yolasite.com,Female,Yuan Renminbi
143,Bertina,Lampitt,blampitt3y@rambler.ru,Female,Euro
144,Durant,Radclyffe,dradclyffe3z@tinyurl.com,Male,Peso
145,Cherye,Rawcliffe,crawcliffe40@ucla.edu,Genderfluid,Yuan Renminbi
146,Aldous,Ceeley,aceeley41@miibeian.gov.cn,Genderfluid,Colon
147,Melessa,Stryde,mstryde42@wordpress.com,Female,Dollar
148,Cindy,Caulwell,ccaulwell43@posterous.com,Female,Euro
149,Hilton,Ricciardiello,hricciardiello44@examiner.com,Male,Yuan Renminbi
150,Alyse,Yggo,ayggo45@usda.gov,Female,Hryvnia
151,Susann,Brettor,sbrettor46@ehow.com,Female,Rupiah
152,Emelda,Kealy,ekealy47@seesaa.net,Female,Dirham
153,Sonja,Seadon,sseadon48@google.fr,Female,Dollar
154,Donavon,Vango,dvango49@amazon.co.jp,Genderqueer,Yuan Renminbi
155,Rania,Ibbetson,ribbetson4a@loc.gov,Female,Rupiah
156,Constantin,Roach,croach4b@arizona.edu,Male,Krona
157,Jennica,Chandlar,jchandlar4c@cnn.com,Female,Baht
158,Ashton,Stathers,astathers4d@tinyurl.com,Male,Zloty
159,Bo,Fuxman,bfuxman4e@deliciousdays.com,Male,Yuan Renminbi
160,Alisander,Duhig,aduhig4f@virginia.edu,Male,Baht
161,Frederique,Keizman,fkeizman4g@salon.com,Female,Rupiah
162,Dawna,McNish,dmcnish4h@bizjournals.com,Female,Bolivar
163,Cher,Berkowitz,cberkowitz4i@illinois.edu,Female,Yuan Renminbi
164,Cosimo,Dewitt,cdewitt4j@jalbum.net,Male,Ruble
165,Cecilius,Tuerena,ctuerena4k@home.pl,Male,Rupiah
166,Vannie,Doody,vdoody4l@g.co,Female,Ruble
167,Magda,Pollack,mpollack4m@sciencedirect.com,Female,Hryvnia
168,Nicoline,Chumley,nchumley4n@tripadvisor.com,Female,Rupiah
169,Bill,Luipold,bluipold4o@cbsnews.com,Female,Rupiah
170,Bobbi,Domingues,bdomingues4p@issuu.com,Female,Colon
171,Mahala,Gelly,mgelly4q@answers.com,Female,Ruble
172,Derrick,Instock,dinstock4r@ucoz.com,Male,Dong
173,Reagen,Hilling,rhilling4s@wordpress.com,Male,Rupiah
174,Wilhelm,Saffon,wsaffon4t@reddit.com,Genderfluid,Shekel
175,Boycey,Petel,bpetel4u@smh.com.au,Male,Yuan Renminbi
176,Brianna,Felgate,bfelgate4v@cbslocal.com,Female,Ruble
177,Arny,Waywell,awaywell4w@over-blog.com,Male,Rupee
178,Jecho,Haberfield,jhaberfield4x@4shared.com,Male,Euro
179,Vinny,Margaret,vmargaret4y@va.gov,Bigender,Yuan Renminbi
180,Coleman,MacAdam,cmacadam4z@ustream.tv,Male,Euro
181,Sharla,Bullerwell,sbullerwell50@mashable.com,Female,Ruble
182,Jacob,Shead,jshead51@shareasale.com,Male,Peso
183,Corrinne,Matschek,cmatschek52@scientificamerican.com,Female,Pound
184,Catharine,McInnery,cmcinnery53@pbs.org,Female,Yuan Renminbi
185,Fairlie,Cicullo,fcicullo54@instagram.com,Male,Ruble
186,Xenia,Mouan,xmouan55@dell.com,Female,Hryvnia
187,Enrika,Horribine,ehorribine56@w3.org,Female,Yuan Renminbi
188,Jena,Kiddye,jkiddye57@sphinn.com,Female,Dinar
189,Gratia,Draaisma,gdraaisma58@jalbum.net,Female,Ruble
190,Randie,Coney,rconey59@rambler.ru,Male,Lek
191,Risa,Chrystie,rchrystie5a@blogger.com,Female,Lek
192,Conney,Geffen,cgeffen5b@canalblog.com,Male,Yuan Renminbi
193,Shawn,Cogswell,scogswell5c@fda.gov,Male,Euro
194,Arabele,Greasley,agreasley5d@bloomberg.com,Female,Real
195,Dore,Gillease,dgillease5e@bbb.org,Genderqueer,Quetzal
196,Nicola,Lackey,nlackey5f@netlog.com,Male,Kuna
197,Florence,Bevens,fbevens5g@google.it,Female,Rupiah
198,Nevins,Partner,npartner5h@cnbc.com,Male,Euro
199,Loise,Bagnall,lbagnall5i@salon.com,Female,Dirham
200,Harmon,Tregido,htregido5j@github.io,Male,Euro
201,Brigit,Greenrod,bgreenrod5k@accuweather.com,Female,Yuan Renminbi
202,Moyna,Noddle,mnoddle5l@quantcast.com,Female,Peso
203,Morris,Hofner,mhofner5m@deliciousdays.com,Male,Yuan Renminbi
204,Kirby,Normington,knormington5n@phoca.cz,Male,Zloty
205,Rad,Rainey,rrainey5o@yolasite.com,Male,Shekel
206,Alyson,Constantine,aconstantine5p@tmall.com,Female,Zloty
207,Yolanda,McConville,ymcconville5q@vinaora.com,Female,Rupiah
208,Dael,Wilks,dwilks5r@stanford.edu,Female,Ruble
209,Shermy,Hanway,shanway5s@army.mil,Male,Peso
210,Sterne,Cock,scock5t@rediff.com,Male,Rupiah
211,Pat,Cawston,pcawston5u@usatoday.com,Male,Yuan Renminbi
212,Rhett,Spikings,rspikings5v@nih.gov,Male,Koruna
213,Clemmy,Buche,cbuche5w@wordpress.org,Female,Rupiah
214,Clare,Coltan,ccoltan5x@mayoclinic.com,Male,Dirham
215,Bel,Curston,bcurston5y@google.cn,Female,Krone
216,Molly,Golson,mgolson5z@xinhuanet.com,Female,Peso
217,Giffer,Spence,gspence60@discovery.com,Male,Rupiah
218,Carly,Urlin,curlin61@columbia.edu,Female,Zloty
219,Jae,Doghartie,jdoghartie62@homestead.com,Male,Lempira
220,Onfre,Swaine,oswaine63@infoseek.co.jp,Male,Yuan Renminbi
221,Brew,Curtoys,bcurtoys64@un.org,Male,Euro
222,Christalle,Belhomme,cbelhomme65@kickstarter.com,Female,Peso
223,Lara,Seabrooke,lseabrooke66@house.gov,Female,Peso
224,Elias,Ludewig,eludewig67@psu.edu,Male,Won
225,Charissa,Guidone,cguidone68@lycos.com,Female,Guarani
226,Fair,Sagrott,fsagrott69@google.com,Male,Dong
227,Fulton,Scurr,fscurr6a@ezinearticles.com,Male,Lev
228,Minor,Dilland,mdilland6b@xinhuanet.com,Male,Zloty
229,Sayers,Bernardo,sbernardo6c@accuweather.com,Male,Ouguiya
230,Skylar,Kirkbright,skirkbright6d@php.net,Male,Ruble
231,Kip,Skotcher,kskotcher6e@goodreads.com,Female,Krone
232,Fiorenze,Betun,fbetun6f@indiatimes.com,Female,Yuan Renminbi
233,Jody,Huggan,jhuggan6g@usnews.com,Male,Yuan Renminbi
234,Heindrick,Defraine,hdefraine6h@reference.com,Male,Dollar
235,Lorne,Antoney,lantoney6i@nifty.com,Male,Krona
236,Lettie,Collimore,lcollimore6j@quantcast.com,Female,Rupiah
237,Sayres,Anyene,sanyene6k@nba.com,Male,Rupiah
238,Gerry,Swaile,gswaile6l@friendfeed.com,Female,Rupiah
239,Chip,Crawcour,ccrawcour6m@nationalgeographic.com,Male,Euro
240,Lonee,McLanachan,lmclanachan6n@google.de,Agender,Dollar
241,Dalia,Depport,ddepport6o@amazon.co.uk,Female,Zloty
242,Abbot,Schulke,aschulke6p@jalbum.net,Male,Shekel
243,Marina,Lates,mlates6q@about.com,Female,Rupiah
244,Templeton,Tessyman,ttessyman6r@time.com,Genderqueer,Kwacha
245,Maiga,Jaspar,mjaspar6s@npr.org,Female,Peso
246,Rriocard,Partington,rpartington6t@wordpress.com,Genderqueer,Rupiah
247,Helene,Hastewell,hhastewell6u@google.cn,Female,Yuan Renminbi
248,Erna,Hullett,ehullett6v@ucoz.ru,Female,Rupiah
249,Myron,Lammie,mlammie6w@uiuc.edu,Male,Franc
250,Woody,Caesmans,wcaesmans6x@adobe.com,Male,Ruble
251,Olympe,Preskett,opreskett6y@msn.com,Female,Euro
252,Travis,Zanetti,tzanetti6z@independent.co.uk,Agender,Rupiah
253,Shani,Jahnel,sjahnel70@scientificamerican.com,Female,Zloty
254,Bobinette,Polet,bpolet71@mtv.com,Female,Euro
255,Beaufort,Murrill,bmurrill72@businessinsider.com,Male,Peso
256,Kristina,Osborn,kosborn73@usatoday.com,Female,Ariary
257,Axe,Tollemache,atollemache74@who.int,Male,Rial
258,Randa,Lukehurst,rlukehurst75@hud.gov,Genderfluid,Yuan Renminbi
259,Minna,Kurtis,mkurtis76@i2i.jp,Genderfluid,Krona
260,Cedric,Blabey,cblabey77@walmart.com,Male,Rupiah
261,Bernardine,Rollins,brollins78@nsw.gov.au,Female,Zloty
262,Gusta,Plait,gplait79@flavors.me,Female,Rupiah
263,Francklyn,Tewes,ftewes7a@istockphoto.com,Male,Yen
264,Bent,Ogley,bogley7b@amazon.co.jp,Male,Yuan Renminbi
265,Tucky,Worlidge,tworlidge7c@google.cn,Genderqueer,Rupiah
266,Bernie,Coll,bcoll7d@dailymail.co.uk,Agender,Metical
267,Maison,Yanyshev,myanyshev7e@loc.gov,Male,Yuan Renminbi
268,Tamara,Gustus,tgustus7f@hugedomains.com,Female,Rand
269,Granthem,Redgate,gredgate7g@opensource.org,Genderfluid,Dollar
270,Henry,Robbey,hrobbey7h@huffingtonpost.com,Male,Krona
271,Elora,Arnaudin,earnaudin7i@slideshare.net,Female,Dollar
272,Claybourne,Giacomuzzi,cgiacomuzzi7j@discovery.com,Male,Tenge
273,Sibyl,Ritchie,sritchie7k@arstechnica.com,Female,Lari
274,Tawnya,Adolf,tadolf7l@microsoft.com,Genderqueer,Baht
275,Felicle,Nairns,fnairns7m@163.com,Polygender,Yuan Renminbi
276,Carmon,Benois,cbenois7n@examiner.com,Female,Rupiah
277,Carie,MacMorland,cmacmorland7o@mit.edu,Female,Yuan Renminbi
278,Elicia,Topp,etopp7p@china.com.cn,Female,Yuan Renminbi
279,Tynan,Simenet,tsimenet7q@edublogs.org,Male,Hryvnia
280,Zenia,Sproson,zsproson7r@google.es,Female,Rupiah
281,Essie,Brittlebank,ebrittlebank7s@privacy.gov.au,Female,Euro
282,Dalston,Haddington,dhaddington7t@clickbank.net,Male,Yuan Renminbi
283,Devon,Benettolo,dbenettolo7u@ezinearticles.com,Female,Rupiah
284,Davina,Learmont,dlearmont7v@photobucket.com,Female,Euro
285,Jerad,Poppleston,jpoppleston7w@dropbox.com,Male,Rupiah
286,Noel,Pantry,npantry7x@examiner.com,Female,Euro
287,Kile,Leese,kleese7y@dailymail.co.uk,Male,Euro
288,Gideon,Deboick,gdeboick7z@umn.edu,Polygender,Rupiah
289,Alane,Gherardini,agherardini80@youtu.be,Female,Real
290,Monique,Mordacai,mmordacai81@homestead.com,Female,Bolivar
291,Mufi,Lavens,mlavens82@mlb.com,Female,Franc
292,Duncan,Dmtrovic,ddmtrovic83@answers.com,Male,Dollar
293,Normy,Blees,nblees84@cnbc.com,Male,Hryvnia
294,Lizzy,Wehden,lwehden85@unesco.org,Female,Yuan Renminbi
295,Trefor,d'Escoffier,tdescoffier86@exblog.jp,Male,Zloty
296,Juliana,Donahue,jdonahue87@telegraph.co.uk,Female,Rupiah
297,Antoinette,Gritsunov,agritsunov88@slashdot.org,Female,Franc
298,Alric,Foot,afoot89@businessinsider.com,Male,Pound
299,Lane,Lantuff,llantuff8a@cdc.gov,Female,Shekel
300,Cati,Scottesmoor,cscottesmoor8b@youtube.com,Female,Yuan Renminbi
301,Panchito,Plumb,pplumb8c@homestead.com,Male,Euro
302,Gabe,Brooksby,gbrooksby8d@blogtalkradio.com,Male,Yuan Renminbi
303,Denys,Tredwell,dtredwell8e@twitpic.com,Female,Yuan Renminbi
304,Remus,Beacom,rbeacom8f@mozilla.com,Male,Peso
305,Kori,Derisly,kderisly8g@umich.edu,Female,Euro
306,Dorelia,Taplin,dtaplin8h@icio.us,Female,Rupiah
307,Michel,Jonsson,mjonsson8i@spotify.com,Male,Real
308,Theresita,Neary,tneary8j@yellowbook.com,Female,Yuan Renminbi
309,Tonnie,Matcham,tmatcham8k@furl.net,Male,Euro
310,Vergil,Shoosmith,vshoosmith8l@cnn.com,Male,Rupiah
311,Brynn,Baynard,bbaynard8m@fotki.com,Female,Dinar
312,Rozina,Beake,rbeake8n@diigo.com,Female,Yuan Renminbi
313,Rosalia,Kelmere,rkelmere8o@nhs.uk,Female,Zloty
314,Raphaela,Banat,rbanat8p@photobucket.com,Female,Peso
315,Edin,Sweatland,esweatland8q@wordpress.org,Female,Yuan Renminbi
316,Lindsy,Goodday,lgoodday8r@smh.com.au,Female,Yuan Renminbi
317,Gerianna,Armistead,garmistead8s@scientificamerican.com,Female,Sol
318,Blinnie,Jelleman,bjelleman8t@t-online.de,Female,Yuan Renminbi
319,Windham,Kordas,wkordas8u@bing.com,Male,Peso
320,Laurie,des Remedios,ldesremedios8v@wiley.com,Male,Ruble
321,Theodor,Greeve,tgreeve8w@google.ca,Male,Rupiah
322,Lodovico,Bunford,lbunford8x@hubpages.com,Male,Baht
323,Nadean,O' Dornan,nodornan8y@myspace.com,Female,Rupiah
324,Danit,Eneas,deneas8z@mac.com,Female,Peso
325,Wilt,Gager,wgager90@mashable.com,Male,Euro
326,Udale,Truitt,utruitt91@princeton.edu,Male,Dirham
327,Adair,Sousa,asousa92@google.es,Male,Afghani
328,Osbourne,Sancroft,osancroft93@guardian.co.uk,Male,Yuan Renminbi
329,Darell,Stonelake,dstonelake94@loc.gov,Female,Dong
330,Kym,Potts,kpotts95@google.it,Female,Afghani
331,Klement,Pevreal,kpevreal96@hud.gov,Male,Peso
332,Quint,Herion,qherion97@dell.com,Male,Dollar
333,Alastair,Thrush,athrush98@infoseek.co.jp,Male,Krona
334,Anna-diana,Craze,acraze99@fda.gov,Polygender,Yuan Renminbi
335,Roseanna,Taffee,rtaffee9a@ca.gov,Female,Koruna
336,Stewart,Heaffey,sheaffey9b@ustream.tv,Male,Rupiah
337,Sandy,Piperley,spiperley9c@loc.gov,Female,Shekel
338,Lydie,Kilfeather,lkilfeather9d@meetup.com,Female,Rupiah
339,Jereme,Ellcock,jellcock9e@geocities.jp,Male,Krona
340,Carlin,Josephs,cjosephs9f@quantcast.com,Male,Rupiah
341,Claudius,Doxsey,cdoxsey9g@wordpress.com,Male,Zloty
342,Nevin,Bennough,nbennough9h@kickstarter.com,Male,Euro
343,Helaine,Mathen,hmathen9i@vinaora.com,Female,Rupiah
344,Ban,Walley,bwalley9j@bbc.co.uk,Male,Euro
345,Truman,Waistell,twaistell9k@bbc.co.uk,Male,Yuan Renminbi
346,Maximilien,Philcock,mphilcock9l@hao123.com,Male,Rupiah
347,Emiline,Neilly,eneilly9m@hud.gov,Female,Sol
348,Euell,Adolphine,eadolphine9n@moonfruit.com,Male,Ruble
349,Ranice,Meaker,rmeaker9o@moonfruit.com,Female,Kwacha
350,Paige,Thackham,pthackham9p@godaddy.com,Female,Rupiah
351,Dennison,McComas,dmccomas9q@dmoz.org,Polygender,Kwacha
352,Gregoor,Vanyutin,gvanyutin9r@xrea.com,Male,Peso
353,Riobard,Jewers,rjewers9s@g.co,Male,Dollar
354,Fax,Dumingos,fdumingos9t@abc.net.au,Male,Dinar
355,Leeann,Roche,lroche9u@issuu.com,Female,Shekel
356,Valli,Point,vpoint9v@sohu.com,Female,Litas
357,Heath,Mournian,hmournian9w@cbslocal.com,Male,Yuan Renminbi
358,Anne-corinne,Drohane,adrohane9x@walmart.com,Female,Pound
359,Wilbur,Ebden,webden9y@prlog.org,Male,Peso
360,Valida,Fydo,vfydo9z@cocolog-nifty.com,Female,Peso
361,Miguel,D'eathe,mdeathea0@ucla.edu,Male,Pound
362,Denver,Caffrey,dcaffreya1@uiuc.edu,Male,Ruble
363,Hagen,Peeke,hpeekea2@scientificamerican.com,Male,Zloty
364,Baxter,Manhare,bmanharea3@irs.gov,Male,Yuan Renminbi
365,Noah,Hue,nhuea4@themeforest.net,Male,Koruna
366,Clay,Arundel,carundela5@eepurl.com,Male,Peso
367,Melonie,Jiggle,mjigglea6@sbwire.com,Female,Euro
368,Meredithe,Hillborne,mhillbornea7@reddit.com,Female,Koruna
369,Trip,Childrens,tchildrensa8@sciencedaily.com,Male,Rupiah
370,Dareen,Callender,dcallendera9@tamu.edu,Female,Litas
371,Nickola,Rosenblath,nrosenblathaa@hp.com,Male,Euro
372,Ramsay,McCobb,rmccobbab@wikimedia.org,Male,Real
373,Marjory,Schulze,mschulzeac@ifeng.com,Female,Yuan Renminbi
374,Vivyan,Starkey,vstarkeyad@latimes.com,Female,Peso
375,Theo,Hambidge,thambidgeae@infoseek.co.jp,Male,Dinar
376,Bryce,Ganing,bganingaf@thetimes.co.uk,Male,Peso
377,Yevette,Kerley,ykerleyag@jigsy.com,Female,Yuan Renminbi
378,Bronnie,O'Brien,bobrienah@wisc.edu,Male,Yuan Renminbi
379,Rea,Aleksandrev,raleksandrevai@java.com,Female,Peso
380,Calv,Stocker,cstockeraj@zimbio.com,Male,Dinar
381,Newton,Ringham,nringhamak@live.com,Male,Yuan Renminbi
382,Merrilee,Banting,mbantingal@arizona.edu,Female,Euro
383,Yorker,Lovewell,ylovewellam@blogger.com,Male,Rupiah
384,Dominik,Sharpus,dsharpusan@blog.com,Male,Rupee
385,Cesaro,Barefoot,cbarefootao@pcworld.com,Male,Ruble
386,Sigfried,Anster,sansterap@imageshack.us,Male,Dinar
387,Delcina,Montier,dmontieraq@nature.com,Female,Yuan Renminbi
388,Maddie,Gravener,mgravenerar@csmonitor.com,Female,Dinar
389,Fawnia,Gasquoine,fgasquoineas@ning.com,Female,Baht
390,Abeu,Dobrovsky,adobrovskyat@networkadvertising.org,Male,Peso
391,Josi,Hounsom,jhounsomau@tamu.edu,Female,Yuan Renminbi
392,Suzanna,Sictornes,ssictornesav@guardian.co.uk,Female,Krone
393,Flss,McCromley,fmccromleyaw@vkontakte.ru,Female,Rupiah
394,Killie,De Witt,kdewittax@dyndns.org,Male,Franc
395,Cassaundra,Cluff,ccluffay@cbslocal.com,Female,Euro
396,Iolande,Spark,isparkaz@purevolume.com,Female,Rupiah
397,Vin,Paul,vpaulb0@cdbaby.com,Female,Euro
398,Terrel,Slimm,tslimmb1@canalblog.com,Male,Yuan Renminbi
399,Katleen,Oleksiak,koleksiakb2@typepad.com,Female,Euro
400,Granville,Birtwhistle,gbirtwhistleb3@acquirethisname.com,Male,Peso
401,Darell,Ranstead,dransteadb4@examiner.com,Female,Rupiah
402,Amata,Benterman,abentermanb5@tripadvisor.com,Female,Zloty
403,Marigold,Lared,mlaredb6@fotki.com,Female,Franc
404,Brody,Fusco,bfuscob7@nasa.gov,Male,Euro
405,Smitty,Britland,sbritlandb8@bing.com,Male,Koruna
406,Tracie,Spawell,tspawellb9@odnoklassniki.ru,Male,Ruble
407,Shane,L' Estrange,slestrangeba@google.it,Female,Bolivar
408,Domingo,Kyneton,dkynetonbb@shinystat.com,Male,Dong
409,Jarrett,Morales,jmoralesbc@buzzfeed.com,Male,Rial
410,Lira,Fassbindler,lfassbindlerbd@liveinternet.ru,Female,Yuan Renminbi
411,Alikee,Mitchely,amitchelybe@elpais.com,Female,Tugrik
412,Sherwynd,Beeckx,sbeeckxbf@cdc.gov,Male,Yuan Renminbi
413,Kora,Tomsett,ktomsettbg@dion.ne.jp,Female,Euro
414,Anthe,Castellucci,acastelluccibh@fda.gov,Female,Rupiah
415,Agnes,Robinette,arobinettebi@drupal.org,Bigender,Lempira
416,Tristam,Lamke,tlamkebj@salon.com,Male,Zloty
417,Janene,Perillo,jperillobk@mozilla.com,Female,Taka
418,Phoebe,Marriner,pmarrinerbl@omniture.com,Female,Rupiah
419,Vincenz,Ivanin,vivaninbm@cocolog-nifty.com,Male,Peso
420,Gena,Spain,gspainbn@gnu.org,Female,Yuan Renminbi
421,Florette,Reason,freasonbo@sun.com,Female,Tenge
422,Verena,Smissen,vsmissenbp@yellowbook.com,Female,Yen
423,Marigold,Redwing,mredwingbq@weebly.com,Female,Yuan Renminbi
424,Emiline,Nani,enanibr@twitpic.com,Female,Franc
425,Patrica,Masden,pmasdenbs@nhs.uk,Female,Yuan Renminbi
426,Gwennie,Begwell,gbegwellbt@ask.com,Female,Sol
427,Ida,Ong,iongbu@arstechnica.com,Female,Ruble
428,Abbie,Foulks,afoulksbv@google.com.br,Female,Baht
429,Elnar,Ruos,eruosbw@blogs.com,Male,Sol
430,Malachi,Beebee,mbeebeebx@senate.gov,Male,Guarani
431,Daveen,Beckett,dbeckettby@craigslist.org,Female,Peso
432,Ferdie,Sich,fsichbz@nationalgeographic.com,Male,Euro
433,Grant,Dunrige,gdunrigec0@biblegateway.com,Genderqueer,Koruna
434,Giacomo,Henbury,ghenburyc1@umich.edu,Male,Rupiah
435,Aretha,Bleackly,ableacklyc2@ezinearticles.com,Bigender,Yuan Renminbi
436,Lyndell,Mander,lmanderc3@google.co.jp,Female,Rupee
437,Zeb,Fardoe,zfardoec4@sogou.com,Male,Yuan Renminbi
438,Cass,Ratke,cratkec5@cdc.gov,Male,Euro
439,Maryann,Janz,mjanzc6@wired.com,Female,Guarani
440,Goddard,Woolfall,gwoolfallc7@mlb.com,Male,Rupiah
441,Niki,Pelchat,npelchatc8@soup.io,Male,Franc
442,Dyan,McCrorie,dmccroriec9@drupal.org,Female,Euro
443,Jennette,Ghiron,jghironca@bravesites.com,Female,Cordoba
444,Jedediah,Bourthoumieux,jbourthoumieuxcb@ycombinator.com,Male,Yuan Renminbi
445,Basilio,Wadham,bwadhamcc@microsoft.com,Male,Yuan Renminbi
446,Delmore,Yanele,dyanelecd@prweb.com,Male,Kwacha
447,Estevan,Elmhurst,eelmhurstce@example.com,Male,Pound
448,Karlene,Prime,kprimecf@pen.io,Female,Peso
449,Erin,Kidsley,ekidsleycg@whitehouse.gov,Male,Dirham
450,Hewett,Chyuerton,hchyuertonch@nyu.edu,Polygender,Rupiah
451,Yvon,Yggo,yyggoci@army.mil,Male,Krona
452,Nev,Girodon,ngirodoncj@t.co,Male,Franc
453,Shaw,Gratrex,sgratrexck@tripadvisor.com,Male,Rupiah
454,Mohandis,Hedditeh,mhedditehcl@businessinsider.com,Male,Real
455,Travis,Metheringham,tmetheringhamcm@marketwatch.com,Male,Rupiah
456,Nowell,Boydle,nboydlecn@japanpost.jp,Male,Rupiah
457,Esmaria,Hallbird,ehallbirdco@sitemeter.com,Female,Euro
458,Venus,Sellek,vsellekcp@webnode.com,Female,Real
459,Delcine,Kermon,dkermoncq@google.pl,Female,Krona
460,Mace,Blackford,mblackfordcr@hugedomains.com,Male,Rupiah
461,Adina,Kener,akenercs@webeden.co.uk,Female,Real
462,Emmit,Ginger,egingerct@fastcompany.com,Male,Rupiah
463,Frankie,Teresse,fteressecu@yellowbook.com,Male,Franc
464,Robinett,Tourry,rtourrycv@wsj.com,Female,Euro
465,Elton,McClurg,emcclurgcw@wufoo.com,Male,Kuna
466,Ricki,Sweeting,rsweetingcx@sitemeter.com,Female,Dong
467,Brose,Perett,bperettcy@answers.com,Male,Rupiah
468,Cathi,Gerhts,cgerhtscz@addtoany.com,Female,Yuan Renminbi
469,Eliot,Verbeek,everbeekd0@plala.or.jp,Genderqueer,Rupiah
470,Kaela,Boram,kboramd1@cloudflare.com,Female,Yuan Renminbi
471,Lennie,Habbergham,lhabberghamd2@smh.com.au,Male,Shilling
472,Estele,Bellwood,ebellwoodd3@skype.com,Female,Shilling
473,Candie,Cometti,ccomettid4@printfriendly.com,Female,Rupee
474,Devan,Scorer,dscorerd5@trellian.com,Agender,Yuan Renminbi
475,Cindie,Tett,ctettd6@uol.com.br,Polygender,Koruna
476,Cassy,Tomas,ctomasd7@stanford.edu,Female,Yuan Renminbi
477,Portia,Pearman,ppearmand8@businessinsider.com,Female,Dollar
478,Gavra,Stiles,gstilesd9@kickstarter.com,Female,Zloty
479,Eunice,Ruste,erusteda@loc.gov,Female,Pound
480,Florie,Scrowton,fscrowtondb@linkedin.com,Female,Euro
481,Cass,Durie,cduriedc@va.gov,Male,Yuan Renminbi
482,Garrot,Pittle,gpittledd@youtube.com,Male,Baht
483,Robin,Morville,rmorvillede@un.org,Male,Yen
484,Alleyn,Boreland,aborelanddf@berkeley.edu,Male,Dram
485,Alfie,Arckoll,aarckolldg@umn.edu,Male,Peso
486,Flossie,Treven,ftrevendh@youtu.be,Female,Real
487,Ambros,Spere,asperedi@mac.com,Male,Euro
488,Elli,Setch,esetchdj@wix.com,Female,Rupiah
489,Arturo,Dozdill,adozdilldk@clickbank.net,Male,Peso
490,Roxane,Borell,rborelldl@privacy.gov.au,Female,Yuan Renminbi
491,Rianon,Rudman,rrudmandm@squarespace.com,Female,Yuan Renminbi
492,Willyt,Bloor,wbloordn@squarespace.com,Female,Krona
493,Valerie,Dabbes,vdabbesdo@goodreads.com,Female,Rupiah
494,Emmerich,Wigmore,ewigmoredp@theglobeandmail.com,Male,Peso
495,Lannie,Darco,ldarcodq@chronoengine.com,Male,Euro
496,Rossy,Thelwll,rthelwlldr@163.com,Male,Euro
497,Ede,Tyson,etysonds@domainmarket.com,Female,Yuan Renminbi
498,Latia,Ortzen,lortzendt@google.de,Female,Peso
499,Edin,Bisiker,ebisikerdu@ucoz.ru,Female,Euro
500,Florinda,Bennen,fbennendv@psu.edu,Female,Rial
501,Giordano,Hamman,ghammandw@biglobe.ne.jp,Male,Dollar
502,Marv,Rubinov,mrubinovdx@usda.gov,Male,Dong
503,Barrie,Kindread,bkindreaddy@dyndns.org,Male,Pound
504,Sammy,Kingzeth,skingzethdz@yale.edu,Male,Sol
505,Ddene,Brooke,dbrookee0@sohu.com,Genderqueer,Euro
506,Man,Ferie,mferiee1@wiley.com,Male,Dirham
507,Shirl,Hebblethwaite,shebblethwaitee2@blogspot.com,Female,Zloty
508,Staford,Scawton,sscawtone3@unblog.fr,Male,Yuan Renminbi
509,Julianne,Rorke,jrorkee4@miitbeian.gov.cn,Agender,Kuna
510,Gene,Callingham,gcallinghame5@soundcloud.com,Female,Dong
511,Avis,Jessup,ajessupe6@guardian.co.uk,Non-binary,Dollar
512,Florry,Linford,flinforde7@independent.co.uk,Female,Euro
513,Rebekah,Darmody,rdarmodye8@dropbox.com,Female,Euro
514,Courtenay,Liversidge,cliversidgee9@prweb.com,Female,Tugrik
515,Parry,Wrettum,pwrettumea@linkedin.com,Male,Peso
516,Erica,Riggs,eriggseb@cnet.com,Genderfluid,Rupiah
517,Keelia,Tremble,ktrembleec@loc.gov,Female,Ruble
518,Kirsten,Lett,kletted@abc.net.au,Female,Yuan Renminbi
519,Sharon,Walkden,swalkdenee@disqus.com,Female,Krona
520,Dorothee,Bansal,dbansalef@skyrock.com,Female,Rand
521,Brocky,Stannas,bstannaseg@yellowbook.com,Male,Rupiah
522,Gae,Cullagh,gcullagheh@blogger.com,Female,Euro
523,Carrol,Thurstance,cthurstanceei@sitemeter.com,Male,Rupiah
524,Jocelyne,Norley,jnorleyej@themeforest.net,Female,Peso
525,Tierney,Scruby,tscrubyek@quantcast.com,Agender,Rupee
526,Ardath,Gilleson,agillesonel@usnews.com,Female,Dollar
527,Annmaria,Dundredge,adundredgeem@amazonaws.com,Female,Zloty
528,Jordain,Duffer,jdufferen@bizjournals.com,Non-binary,Shekel
529,Farrel,Buddles,fbuddleseo@samsung.com,Male,Real
530,Elvina,Tace,etaceep@bing.com,Female,Yuan Renminbi
531,Susana,MacPaike,smacpaikeeq@alexa.com,Female,Rupiah
532,Erick,Cicchelli,ecicchellier@taobao.com,Agender,Yuan Renminbi
533,Melanie,Brazur,mbrazures@prweb.com,Female,Real
534,Giorgio,McClounan,gmcclounanet@skyrock.com,Male,Koruna
535,Kimmy,Fuller,kfullereu@jiathis.com,Female,Peso
536,Kristien,Ennever,kenneverev@creativecommons.org,Female,Koruna
537,Helga,Senussi,hsenussiew@flavors.me,Female,Quetzal
538,Alexandros,Van Arsdall,avanarsdallex@ask.com,Male,Hryvnia
539,Ariana,Pirelli,apirelliey@google.ca,Female,Ruble
540,Cordula,Britian,cbritianez@theglobeandmail.com,Female,Rupiah
541,Westley,Hoff,whofff0@geocities.jp,Male,Dollar
542,Emerson,Olenikov,eolenikovf1@i2i.jp,Male,Rupiah
543,Lonnie,Wilcott,lwilcottf2@cdc.gov,Female,Euro
544,Hastie,Giamo,hgiamof3@trellian.com,Male,Yuan Renminbi
545,Kelsy,Lambshine,klambshinef4@bigcartel.com,Female,Euro
546,Doy,McMains,dmcmainsf5@va.gov,Male,Ruble
547,Gwendolyn,Wonfar,gwonfarf6@mapquest.com,Female,Yuan Renminbi
548,Reynold,Sherry,rsherryf7@meetup.com,Bigender,Ruble
549,Kent,Thirtle,kthirtlef8@deliciousdays.com,Male,Naira
550,Farleigh,Ablitt,fablittf9@japanpost.jp,Male,Rupiah
551,Yard,Passie,ypassiefa@unblog.fr,Male,Euro
552,Olympe,Killough,okilloughfb@imdb.com,Female,Ruble
553,Gaylor,Vint,gvintfc@github.io,Male,Yuan Renminbi
554,Neill,Cejka,ncejkafd@wikipedia.org,Male,Yuan Renminbi
555,Lexine,Beentjes,lbeentjesfe@foxnews.com,Female,Yuan Renminbi
556,Nestor,Ockwell,nockwellff@google.co.uk,Male,Franc
557,Oliy,Abercrombie,oabercrombiefg@dion.ne.jp,Female,Ringgit
558,Joellen,Willimott,jwillimottfh@tmall.com,Female,Peso
559,Ky,Wisby,kwisbyfi@cbsnews.com,Genderqueer,Euro
560,Oralie,Bartholat,obartholatfj@usatoday.com,Bigender,Yuan Renminbi
561,Gaile,Cocking,gcockingfk@issuu.com,Genderqueer,Kuna
562,Jerrome,Jeffryes,jjeffryesfl@ameblo.jp,Male,Euro
563,Bronnie,Shimwall,bshimwallfm@dell.com,Male,Tugrik
564,Sayer,Guerrin,sguerrinfn@earthlink.net,Male,Colon
565,Osgood,Sonley,osonleyfo@typepad.com,Male,Sol
566,Kassi,Blasius,kblasiusfp@spiegel.de,Female,Leone
567,Trent,Coneau,tconeaufq@chronoengine.com,Male,Peso
568,Vassily,Enrrico,venrricofr@shop-pro.jp,Male,Yuan Renminbi
569,Nicholas,Iglesiaz,niglesiazfs@naver.com,Male,Rupiah
570,Hans,Matskiv,hmatskivft@example.com,Male,Sol
571,Gale,Boulstridge,gboulstridgefu@elpais.com,Female,Yuan Renminbi
572,Carolee,Swales,cswalesfv@privacy.gov.au,Female,Yuan Renminbi
573,Guenevere,Maidens,gmaidensfw@nymag.com,Female,Euro
574,Giffer,Heinicke,gheinickefx@boston.com,Male,Bolivar
575,Abel,Collyear,acollyearfy@imageshack.us,Male,Rupiah
576,Gweneth,Sarjeant,gsarjeantfz@jigsy.com,Genderfluid,Koruna
577,Leora,Grieswood,lgrieswoodg0@last.fm,Female,Peso
578,Josephine,Collyer,jcollyerg1@homestead.com,Female,Ruble
579,Hedda,Brecher,hbrecherg2@domainmarket.com,Female,Euro
580,Tamiko,Coweuppe,tcoweuppeg3@icio.us,Female,Peso
581,Redd,Klimko,rklimkog4@opera.com,Male,Ruble
582,Tedi,Berling,tberlingg5@joomla.org,Female,Zloty
583,Faye,Holliar,fholliarg6@imageshack.us,Female,Euro
584,Saundra,Grigolon,sgrigolong7@mozilla.org,Male,Yuan Renminbi
585,Maximilien,Theriot,mtheriotg8@wiley.com,Male,Yuan Renminbi
586,Erika,Jaouen,ejaoueng9@va.gov,Female,Pound
587,Roshelle,Warham,rwarhamga@cnbc.com,Female,Ruble
588,Rosmunda,Rispen,rrispengb@artisteer.com,Female,Yuan Renminbi
589,Emmalynne,Robarts,erobartsgc@dot.gov,Female,Real
590,Mark,Oliff,moliffgd@opera.com,Non-binary,Rupiah
591,Barnard,Fishbourne,bfishbournege@seesaa.net,Male,Litas
592,Jareb,Shavel,jshavelgf@deliciousdays.com,Male,Tugrik
593,Thelma,Longfield,tlongfieldgg@wikispaces.com,Polygender,Rupiah
594,Michaella,Van Saltsberg,mvansaltsberggh@irs.gov,Female,Euro
595,Miles,Greguol,mgreguolgi@walmart.com,Male,Afghani
596,Xaviera,Skrzynski,xskrzynskigj@yelp.com,Female,Dollar
597,Elspeth,Kemball,ekemballgk@china.com.cn,Female,Rupiah
598,Diarmid,Mayler,dmaylergl@xing.com,Male,Rupiah
599,Pearce,Edon,pedongm@odnoklassniki.ru,Male,Rupiah
600,Pamella,Voas,pvoasgn@plala.or.jp,Female,Peso
601,Quinn,Gwioneth,qgwionethgo@free.fr,Female,Euro
602,Aldin,Channon,achannongp@imageshack.us,Male,Zloty
603,Krystyna,Annes,kannesgq@mozilla.org,Female,Ruble
604,Templeton,Donnersberg,tdonnersberggr@surveymonkey.com,Male,Euro
605,Loydie,Plumptre,lplumptregs@yelp.com,Male,Dollar
606,Torin,Anchor,tanchorgt@nature.com,Male,Euro
607,Leilah,Possek,lpossekgu@usa.gov,Female,Zloty
608,Matthew,Arundel,marundelgv@hao123.com,Male,Euro
609,Halette,Seres,hseresgw@statcounter.com,Female,Peso
610,Beaufort,Enston,benstongx@sourceforge.net,Male,Dollar
611,Kaleena,Laidlaw,klaidlawgy@devhub.com,Female,Rupiah
612,Clareta,Obee,cobeegz@berkeley.edu,Female,Pound
613,Moishe,Jzhakov,mjzhakovh0@reddit.com,Male,Ruble
614,Wade,De Ambrosis,wdeambrosish1@woothemes.com,Male,Rial
615,Anselma,Tidcombe,atidcombeh2@msn.com,Female,Tenge
616,Con,Gammage,cgammageh3@hugedomains.com,Female,Real
617,Leonard,Stibbs,lstibbsh4@cbslocal.com,Male,Yuan Renminbi
618,Rosa,Dymick,rdymickh5@techcrunch.com,Female,Rupiah
619,Lesley,Ninnoli,lninnolih6@4shared.com,Female,Balboa
620,Regina,Menghi,rmenghih7@ustream.tv,Non-binary,Yuan Renminbi
621,Karylin,Gillean,kgilleanh8@loc.gov,Female,Sol
622,Conny,Mewis,cmewish9@wiley.com,Male,Peso
623,Troy,Tulloch,ttullochha@moonfruit.com,Male,Yen
624,Rebecca,Linkin,rlinkinhb@aboutads.info,Female,Yuan Renminbi
625,Sadie,Grishaev,sgrishaevhc@nydailynews.com,Female,Sol
626,Sheba,Cadge,scadgehd@1und1.de,Agender,Yuan Renminbi
627,Sophronia,Brockett,sbrocketthe@ftc.gov,Female,Rupiah
628,Diandra,Meininger,dmeiningerhf@imdb.com,Female,Krone
629,Bartholomeo,Cordeix,bcordeixhg@cpanel.net,Male,Rupiah
630,Willis,Kenway,wkenwayhh@prweb.com,Male,Krone
631,Katy,Stadding,kstaddinghi@timesonline.co.uk,Female,Rupiah
632,Nataniel,Row,nrowhj@baidu.com,Male,Yuan Renminbi
633,Kaja,Divell,kdivellhk@jugem.jp,Female,Euro
634,Cross,Poulson,cpoulsonhl@nps.gov,Male,Ruble
635,Shirley,Elsmor,selsmorhm@eventbrite.com,Female,Yuan Renminbi
636,Kelcy,Allworthy,kallworthyhn@epa.gov,Non-binary,Yuan Renminbi
637,Effie,Francecione,efrancecioneho@moonfruit.com,Female,Peso
638,Ertha,Kenen,ekenenhp@wisc.edu,Female,Peso
639,Shani,Baldree,sbaldreehq@e-recht24.de,Female,Rupiah
640,Darda,Fosher,dfosherhr@csmonitor.com,Female,Rupiah
641,Christabella,Loddon,cloddonhs@4shared.com,Female,Baht
642,Barty,Ruzek,bruzekht@nsw.gov.au,Male,Yuan Renminbi
643,Brenn,Dormand,bdormandhu@booking.com,Bigender,Yuan Renminbi
644,Dud,Skillett,dskilletthv@wp.com,Male,Peso
645,Melba,Cicero,mcicerohw@slate.com,Female,Euro
646,Letizia,Ullyott,lullyotthx@sfgate.com,Female,Ruble
647,Daffy,Knath,dknathhy@hc360.com,Female,Koruna
648,Lauritz,Rawcliff,lrawcliffhz@ameblo.jp,Male,Dong
649,Langston,Naseby,lnasebyi0@bizjournals.com,Male,Yuan Renminbi
650,Randene,Rodliff,rrodliffi1@google.cn,Female,Yuan Renminbi
651,Waverley,Kleinfeld,wkleinfeldi2@jalbum.net,Male,Shilling
652,Kerwinn,MacCartan,kmaccartani3@google.com.au,Male,Yuan Renminbi
653,Neile,Glowacha,nglowachai4@hostgator.com,Female,Euro
654,Nicholle,MacCafferty,nmaccaffertyi5@patch.com,Genderfluid,Rupiah
655,Benyamin,Brayson,bbraysoni6@qq.com,Male,Hryvnia
656,Sansone,Reichelt,sreichelti7@msn.com,Male,Real
657,Dallon,Drummond,ddrummondi8@youtube.com,Male,Yuan Renminbi
658,Melisent,Ganderton,mgandertoni9@etsy.com,Female,Dollar
659,Birgitta,Rackstraw,brackstrawia@jimdo.com,Female,Peso
660,Talbot,Petrushanko,tpetrushankoib@twitter.com,Male,Peso
661,Agata,Adrianello,aadrianelloic@disqus.com,Female,Yuan Renminbi
662,Angelico,Cool,acoolid@craigslist.org,Male,Dollar
663,Olav,Aharoni,oaharoniie@wix.com,Genderfluid,Yuan Renminbi
664,Ginger,Amey,gameyif@mac.com,Genderfluid,Yuan Renminbi
665,Siouxie,Winsor,swinsorig@mail.ru,Female,Real
666,Tami,Almon,talmonih@sourceforge.net,Female,Ariary
667,Keenan,Lewing,klewingii@smugmug.com,Male,Euro
668,Kittie,Maber,kmaberij@redcross.org,Female,Rupiah
669,Norma,Domengue,ndomengueik@qq.com,Female,Franc
670,Randolf,Budnik,rbudnikil@wikipedia.org,Male,Yuan Renminbi
671,Bambie,Stancliffe,bstancliffeim@sogou.com,Non-binary,Real
672,Clemente,Sciusscietto,csciussciettoin@ow.ly,Male,Rupiah
673,Herbert,Bearn,hbearnio@oracle.com,Male,Peso
674,Dotty,Caswell,dcaswellip@umich.edu,Female,Yuan Renminbi
675,Eveline,Wederell,ewederelliq@utexas.edu,Female,Yuan Renminbi
676,Drucie,Pegden,dpegdenir@weibo.com,Female,Rupee
677,Rici,Frissell,rfrissellis@biblegateway.com,Female,Yen
678,Jeff,Guppy,jguppyit@redcross.org,Male,Denar
679,Sayre,Shorie,sshorieiu@feedburner.com,Female,Dinar
680,Verney,Rudall,vrudalliv@discovery.com,Bigender,Dollar
681,Kaile,McMurty,kmcmurtyiw@over-blog.com,Bigender,Euro
682,Jacqui,Coughlan,jcoughlanix@oakley.com,Female,Zloty
683,Burt,Woodrow,bwoodrowiy@microsoft.com,Male,Rupiah
684,Maurie,Cookman,mcookmaniz@xrea.com,Male,Rupiah
685,Alta,O'Lenechan,aolenechanj0@imgur.com,Female,Rupiah
686,Tull,Bambury,tbamburyj1@wsj.com,Male,Yuan Renminbi
687,Von,Madigan,vmadiganj2@123-reg.co.uk,Male,Dirham
688,Iver,Waple,iwaplej3@narod.ru,Male,Peso
689,Wendell,Fasson,wfassonj4@ezinearticles.com,Male,Franc
690,Mart,Drogan,mdroganj5@jugem.jp,Male,Peso
691,Harmonia,Keeble,hkeeblej6@aboutads.info,Genderfluid,Quetzal
692,Stevana,Bonallick,sbonallickj7@bandcamp.com,Female,Dollar
693,Darda,Ayton,daytonj8@ycombinator.com,Female,Euro
694,Jenelle,Chevins,jchevinsj9@1und1.de,Female,Dollar
695,Marybeth,Rival,mrivalja@fotki.com,Genderfluid,Franc
696,Pen,Carlsson,pcarlssonjb@shinystat.com,Female,Rupiah
697,Nichols,O'Keenan,nokeenanjc@about.me,Male,Euro
698,Nertie,Dumbell,ndumbelljd@bing.com,Female,Rupiah
699,Chelsie,Plowright,cplowrightje@dyndns.org,Female,Euro
700,Sissie,Prigg,spriggjf@pbs.org,Female,Rupiah
701,Monro,De Blasiis,mdeblasiisjg@stumbleupon.com,Male,Colon
702,Ronny,Christall,rchristalljh@accuweather.com,Female,Zloty
703,Nichol,Joy,njoyji@illinois.edu,Female,Rupiah
704,Ezechiel,Palfery,epalferyjj@weibo.com,Male,Yuan Renminbi
705,Tara,de Werk,tdewerkjk@oakley.com,Female,Yuan Renminbi
706,Zeke,Threadgould,zthreadgouldjl@unesco.org,Male,Rupiah
707,Dexter,Godbolt,dgodboltjm@ftc.gov,Male,Rupiah
708,Flynn,Danilowicz,fdanilowiczjn@1688.com,Male,Euro
709,Artemus,Boykett,aboykettjo@addtoany.com,Male,Yuan Renminbi
710,Nissy,Slessar,nslessarjp@mysql.com,Genderqueer,Shilling
711,Evie,Kliment,eklimentjq@dot.gov,Non-binary,Peso
712,Brigida,Mayoral,bmayoraljr@wikia.com,Female,Peso
713,Wynne,Dowtry,wdowtryjs@ocn.ne.jp,Female,Rand
714,Erich,Sweetland,esweetlandjt@ezinearticles.com,Male,Real
715,Robinet,Robbings,rrobbingsju@ebay.com,Female,Dirham
716,Joseph,Lowne,jlownejv@ftc.gov,Male,Marka
717,Henrieta,Bertin,hbertinjw@umn.edu,Female,Yuan Renminbi
718,Sammy,Giacopetti,sgiacopettijx@woothemes.com,Genderqueer,Rand
719,Jermaine,Gladyer,jgladyerjy@gov.uk,Male,Ruble
720,Maxwell,Campling,mcamplingjz@kickstarter.com,Male,Yen
721,Gerard,Roscoe,groscoek0@eepurl.com,Male,Dram
722,Kizzee,Lamswood,klamswoodk1@blinklist.com,Female,Baht
723,Gun,Prium,gpriumk2@prlog.org,Male,Peso
724,Mariann,Trainer,mtrainerk3@toplist.cz,Female,Yuan Renminbi
725,Tab,Craske,tcraskek4@cdc.gov,Male,Peso
726,Mel,Gartin,mgartink5@arstechnica.com,Female,Dollar
727,Chloe,Lightbown,clightbownk6@kickstarter.com,Genderqueer,Yuan Renminbi
728,Roderic,Brill,rbrillk7@businesswire.com,Male,Rupiah
729,Lydie,Parsonage,lparsonagek8@wikimedia.org,Genderfluid,Yuan Renminbi
730,Mala,Odney,modneyk9@wix.com,Female,Yuan Renminbi
731,Roz,Rainford,rrainfordka@gravatar.com,Female,Yen
732,Rana,McKinie,rmckiniekb@blinklist.com,Female,Peso
733,Gerry,Shoebridge,gshoebridgekc@biblegateway.com,Female,Zloty
734,Carolan,Gulston,cgulstonkd@amazon.de,Female,Dinar
735,Meir,McCaffrey,mmccaffreyke@odnoklassniki.ru,Polygender,Euro
736,Stephani,Brogi,sbrogikf@columbia.edu,Female,Euro
737,Vidovic,Pingstone,vpingstonekg@theatlantic.com,Male,Rupiah
738,Hastie,Massie,hmassiekh@bandcamp.com,Male,Dinar
739,Averill,Dreus,adreuski@wordpress.org,Male,Euro
740,Bald,Grgic,bgrgickj@businesswire.com,Male,Zloty
741,Batsheva,Olfert,bolfertkk@huffingtonpost.com,Female,Real
742,Dorree,Podd,dpoddkl@typepad.com,Female,Yuan Renminbi
743,Marina,Broadway,mbroadwaykm@so-net.ne.jp,Female,Yuan Renminbi
744,Astrix,Utting,auttingkn@washington.edu,Polygender,Yuan Renminbi
745,Brittney,Fitter,bfitterko@dot.gov,Female,Lek
746,Bette-ann,Pearce,bpearcekp@disqus.com,Female,Yuan Renminbi
747,Phillis,Daspar,pdasparkq@mozilla.org,Female,Euro
748,Jessalin,Dowding,jdowdingkr@rediff.com,Female,Manat
749,Pascal,Garwell,pgarwellks@quantcast.com,Male,Zloty
750,Marje,Mostin,mmostinkt@hp.com,Female,Real
751,Allayne,Dysart,adysartku@chron.com,Male,Naira
752,Roderick,Hosby,rhosbykv@woothemes.com,Male,Bolivar
753,Jacquenetta,Wilsdon,jwilsdonkw@uiuc.edu,Female,Yuan Renminbi
754,Reeta,Tavinor,rtavinorkx@nhs.uk,Female,Taka
755,Torre,Kilbourn,tkilbournky@scribd.com,Male,Lempira
756,Flossy,Button,fbuttonkz@simplemachines.org,Female,Yen
757,Marinna,McCullagh,mmccullaghl0@adobe.com,Female,Dinar
758,Archy,Clara,aclaral1@spiegel.de,Male,Ringgit
759,Norina,Heffron,nheffronl2@yandex.ru,Bigender,Yuan Renminbi
760,Melly,Mayne,mmaynel3@alexa.com,Female,Franc
761,Filide,Lewsie,flewsiel4@google.co.uk,Female,Rupiah
762,Seana,Morteo,smorteol5@yahoo.com,Female,Rupiah
763,Ewart,Sheehan,esheehanl6@who.int,Male,Rupiah
764,Franciska,Fenix,ffenixl7@youtu.be,Female,Dollar
765,Atalanta,Royall,aroyalll8@dmoz.org,Female,Yuan Renminbi
766,Kailey,Kopec,kkopecl9@sphinn.com,Genderfluid,Peso
767,Jeramie,D'Aeth,jdaethla@typepad.com,Male,Peso
768,Leonhard,Cape,lcapelb@lulu.com,Male,Peso
769,Morgana,Spurritt,mspurrittlc@indiatimes.com,Bigender,Rupiah
770,Mariam,Steptow,msteptowld@shareasale.com,Female,Yuan Renminbi
771,Saxon,Chawkley,schawkleyle@reverbnation.com,Male,Lempira
772,Briggs,Simco,bsimcolf@census.gov,Bigender,Euro
773,Siegfried,Canete,scanetelg@photobucket.com,Male,Euro
774,Marian,Stuckes,mstuckeslh@washingtonpost.com,Female,Euro
775,Kelley,Craigmile,kcraigmileli@fotki.com,Female,Yuan Renminbi
776,Cherie,Sheber,csheberlj@youku.com,Bigender,Rupiah
777,Gwenneth,Foxall,gfoxalllk@cam.ac.uk,Female,Baht
778,Malcolm,Rilings,mrilingsll@google.com.br,Male,Rupiah
779,Abie,Learned,alearnedlm@ebay.com,Male,Dollar
780,Lezlie,Dixcee,ldixceeln@mashable.com,Female,Peso
781,Christina,De Beauchamp,cdebeauchamplo@csmonitor.com,Female,Dinar
782,Erna,De La Hay,edelahaylp@drupal.org,Agender,Yuan Renminbi
783,Lynde,Neville,lnevillelq@examiner.com,Female,Yuan Renminbi
784,Grace,Lydster,glydsterlr@360.cn,Female,Yuan Renminbi
785,Etheline,Reskelly,ereskellyls@ovh.net,Female,Franc
786,Frans,Antognoni,fantognonilt@aol.com,Male,Euro
787,Cris,Cisar,ccisarlu@yale.edu,Female,Euro
788,Kizzee,Froude,kfroudelv@guardian.co.uk,Female,Pound
789,Grier,Nimmo,gnimmolw@qq.com,Female,Dinar
790,Fletcher,McGrae,fmcgraelx@barnesandnoble.com,Male,Zloty
791,Danyette,Bowie,dbowiely@live.com,Female,Euro
792,Jeannine,Marcussen,jmarcussenlz@rambler.ru,Female,Som
793,Alfonso,Gautrey,agautreym0@ezinearticles.com,Male,Peso
794,Kennie,Curragh,kcurraghm1@lulu.com,Male,Yuan Renminbi
795,Casie,Espinosa,cespinosam2@mysql.com,Female,Yuan Renminbi
796,Celinka,Marzello,cmarzellom3@weebly.com,Female,Peso
797,Munroe,Kenan,mkenanm4@google.com.au,Male,Rupiah
798,Jessamine,Witherup,jwitherupm5@drupal.org,Female,Forint
799,Dania,Saltsberg,dsaltsbergm6@dyndns.org,Female,Krone
800,Bonnee,Warrillow,bwarrillowm7@wired.com,Female,Lev
801,Nehemiah,Sterricks,nsterricksm8@princeton.edu,Bigender,Tenge
802,Nehemiah,Bowles,nbowlesm9@ehow.com,Male,Yuan Renminbi
803,Bone,Bastone,bbastonema@smh.com.au,Male,Lempira
804,Thain,Peirson,tpeirsonmb@wordpress.com,Male,Euro
805,Lois,Norwell,lnorwellmc@a8.net,Female,Hryvnia
806,Susana,Warrington,swarringtonmd@smugmug.com,Non-binary,Peso
807,Caz,Greenstreet,cgreenstreetme@istockphoto.com,Male,Hryvnia
808,Gamaliel,Royds,groydsmf@dot.gov,Male,Rupiah
809,Anna-maria,Bodle,abodlemg@si.edu,Female,Yuan Renminbi
810,Elfie,Sawley,esawleymh@wufoo.com,Female,Ruble
811,Sarina,Le Page,slepagemi@cdbaby.com,Female,Euro
812,Nikos,Mattioni,nmattionimj@oakley.com,Male,Real
813,Brnaba,Gilleon,bgilleonmk@tamu.edu,Male,Peso
814,Dinah,Stratiff,dstratiffml@mapquest.com,Female,Real
815,Trudi,Easterbrook,teasterbrookmm@psu.edu,Female,Real
816,Selle,Launder,slaundermn@wisc.edu,Polygender,Yen
817,Cirilo,Kubacek,ckubacekmo@xrea.com,Male,Euro
818,Randell,Fellows,rfellowsmp@vinaora.com,Male,Rupiah
819,Cinnamon,Gilleon,cgilleonmq@clickbank.net,Female,Krona
820,Erena,Malan,emalanmr@slideshare.net,Female,Naira
821,Lemmie,Gilhooley,lgilhooleyms@nymag.com,Agender,Euro
822,Gualterio,Trevascus,gtrevascusmt@free.fr,Agender,Peso
823,Cicily,Gulliford,cgullifordmu@dropbox.com,Female,Naira
824,Anna,Enrrico,aenrricomv@bing.com,Female,Euro
825,Asher,Poole,apoolemw@archive.org,Male,Yuan Renminbi
826,Fax,Ciccottini,fciccottinimx@dmoz.org,Male,Euro
827,Uri,Restorick,urestorickmy@infoseek.co.jp,Male,Rupiah
828,Yevette,Rove,yrovemz@facebook.com,Female,Shekel
829,Vincent,Skeete,vskeeten0@amazonaws.com,Male,Zloty
830,Norah,Lightbowne,nlightbownen1@comcast.net,Female,Rupee
831,Baxy,Shropsheir,bshropsheirn2@wikispaces.com,Male,Krona
832,Gussie,Black,gblackn3@weebly.com,Female,Hryvnia
833,Caddric,Dods,cdodsn4@washington.edu,Male,Yuan Renminbi
834,Ingar,Bottinelli,ibottinellin5@lycos.com,Male,Sol
835,Vitoria,Chuck,vchuckn6@uol.com.br,Female,Yuan Renminbi
836,Grady,Espinel,gespineln7@usda.gov,Male,Peso
837,Doloritas,Lancetter,dlancettern8@gmpg.org,Female,Euro
838,Trueman,Roland,trolandn9@msn.com,Male,Shilling
839,Rubetta,Dollman,rdollmanna@google.de,Female,Lari
840,Bat,Willmore,bwillmorenb@ustream.tv,Male,Koruna
841,Dukey,Zannotelli,dzannotellinc@yolasite.com,Non-binary,Rial
842,Teodoro,Redit,treditnd@gnu.org,Male,Peso
843,Noak,Bloodworthe,nbloodworthene@bizjournals.com,Male,Ruble
844,Natka,Whaley,nwhaleynf@ifeng.com,Female,Euro
845,Georg,Treswell,gtreswellng@bbc.co.uk,Male,Rupiah
846,Alix,Frier,afriernh@washington.edu,Female,Quetzal
847,Salim,Frigot,sfrigotni@oaic.gov.au,Male,Rupiah
848,Melisande,Truse,mtrusenj@uol.com.br,Female,Rupiah
849,Kelsi,Kief,kkiefnk@purevolume.com,Female,Euro
850,Osmond,Caulcott,ocaulcottnl@admin.ch,Male,Peso
851,Andrea,Freda,afredanm@samsung.com,Female,Yuan Renminbi
852,Selma,Danford,sdanfordnn@ezinearticles.com,Female,Zloty
853,Jeddy,Twinborough,jtwinboroughno@sogou.com,Male,Rupiah
854,Tori,Towe,ttowenp@admin.ch,Female,Euro
855,Hussein,Eskriett,heskriettnq@ucla.edu,Male,Shilling
856,Tilly,Bertl,tbertlnr@theguardian.com,Female,Rupiah
857,Mareah,Wheeldon,mwheeldonns@shareasale.com,Female,Yuan Renminbi
858,Donica,Pellamont,dpellamontnt@foxnews.com,Female,Rupiah
859,Fifine,Damiata,fdamiatanu@ted.com,Female,Manat
860,Cassi,Schoular,cschoularnv@privacy.gov.au,Female,Peso
861,Gretchen,Domleo,gdomleonw@is.gd,Female,Peso
862,Rogers,Smalman,rsmalmannx@360.cn,Male,Yuan Renminbi
863,Reece,Gathercoal,rgathercoalny@clickbank.net,Non-binary,Yuan Renminbi
864,Mar,Feighney,mfeighneynz@uiuc.edu,Male,Guarani
865,Shelagh,Jellett,sjelletto0@bravesites.com,Female,Franc
866,Britteny,Hassan,bhassano1@github.io,Female,Real
867,Randee,Garvey,rgarveyo2@pbs.org,Female,Baht
868,Tildi,Gohier,tgohiero3@studiopress.com,Female,Rupiah
869,Riki,Tickel,rtickelo4@noaa.gov,Female,Koruna
870,Spencer,Harling,sharlingo5@spiegel.de,Male,Zloty
871,Alika,Skrine,askrineo6@issuu.com,Polygender,Sol
872,Sayre,Bunford,sbunfordo7@answers.com,Male,Yuan Renminbi
873,Cristy,Everix,ceverixo8@typepad.com,Female,Euro
874,Adelbert,Jurasz,ajuraszo9@squarespace.com,Male,Peso
875,Denice,Vigars,dvigarsoa@booking.com,Female,Pound
876,Hermy,Dayment,hdaymentob@oaic.gov.au,Male,Yuan Renminbi
877,Town,Hanhart,thanhartoc@reverbnation.com,Male,Yuan Renminbi
878,Nicola,Aizikowitz,naizikowitzod@bloomberg.com,Male,Yuan Renminbi
879,Anabel,Hedworth,ahedworthoe@photobucket.com,Female,Franc
880,Lucias,Chace,lchaceof@comcast.net,Male,Yuan Renminbi
881,Emmit,Keymer,ekeymerog@nymag.com,Male,Balboa
882,Mallissa,Durn,mdurnoh@vimeo.com,Female,Yuan Renminbi
883,Chase,Huckle,chuckleoi@ox.ac.uk,Male,Dirham
884,Darill,Cullinan,dcullinanoj@phpbb.com,Male,Rupiah
885,Robinet,Gudge,rgudgeok@ocn.ne.jp,Female,Peso
886,Ranique,Ellson,rellsonol@cloudflare.com,Female,Rupiah
887,Val,Dryden,vdrydenom@sakura.ne.jp,Male,Rupiah
888,Abbey,Kilty,akiltyon@zdnet.com,Female,Peso
889,Sigismondo,Polkinhorn,spolkinhornoo@t.co,Male,Peso
890,Marshall,Heinel,mheinelop@walmart.com,Male,Peso
891,Aldo,Patria,apatriaoq@wikipedia.org,Male,Ruble
892,Chip,Bussen,cbussenor@homestead.com,Male,Yuan Renminbi
893,Leisha,Renols,lrenolsos@livejournal.com,Female,Euro
894,Toma,Denacamp,tdenacampot@dot.gov,Female,Euro
895,Westbrooke,Levene,wleveneou@sun.com,Male,Euro
896,Revkah,Haysar,rhaysarov@de.vu,Female,Yuan Renminbi
897,Loralie,Lefwich,llefwichow@stumbleupon.com,Female,Dinar
898,Walker,Moreby,wmorebyox@cloudflare.com,Male,Euro
899,Sara,Toffanelli,stoffanellioy@berkeley.edu,Female,Zloty
900,Barris,Goodlad,bgoodladoz@i2i.jp,Genderfluid,Euro
901,Eddy,Cummings,ecummingsp0@sourceforge.net,Male,Yuan Renminbi
902,Jed,Watsham,jwatshamp1@statcounter.com,Male,Ruble
903,Karlen,Jirak,kjirakp2@prlog.org,Genderfluid,Euro
904,Francine,Dary,fdaryp3@livejournal.com,Female,Rupiah
905,Bernie,Bofield,bbofieldp4@clickbank.net,Female,Krona
906,Daisey,Rodden,droddenp5@salon.com,Female,Koruna
907,Adella,Queen,aqueenp6@prlog.org,Female,Naira
908,Calley,Javes,cjavesp7@epa.gov,Female,Ruble
909,Randall,Bottelstone,rbottelstonep8@nps.gov,Male,Ruble
910,Miles,Laba,mlabap9@arizona.edu,Male,Yuan Renminbi
911,Starr,Huddles,shuddlespa@ycombinator.com,Female,Dollar
912,Elfrieda,Fonquernie,efonquerniepb@ed.gov,Female,Baht
913,Bert,Huntar,bhuntarpc@vistaprint.com,Male,Sol
914,Brigitta,Zanutti,bzanuttipd@myspace.com,Female,Yuan Renminbi
915,Barbabas,Serraillier,bserraillierpe@usgs.gov,Male,Ringgit
916,Hugues,Minichi,hminichipf@sciencedirect.com,Male,Yuan Renminbi
917,Perkin,Florentine,pflorentinepg@earthlink.net,Male,Euro
918,Janeta,Diter,jditerph@flavors.me,Female,Yuan Renminbi
919,Louise,MacAnulty,lmacanultypi@networksolutions.com,Female,Peso
920,Terrie,Nolin,tnolinpj@studiopress.com,Female,Yuan Renminbi
921,Phip,Liebermann,pliebermannpk@sogou.com,Male,Rupiah
922,Cairistiona,Freestone,cfreestonepl@sbwire.com,Female,Ringgit
923,Zebadiah,Moro,zmoropm@wp.com,Male,Yuan Renminbi
924,Petra,Trood,ptroodpn@alibaba.com,Female,Hryvnia
925,Carter,Brockie,cbrockiepo@slashdot.org,Male,Rupiah
926,Delora,Crowcombe,dcrowcombepp@irs.gov,Female,Zloty
927,Tally,Mc Ilory,tmcilorypq@wiley.com,Female,Rupiah
928,Anjela,Bunhill,abunhillpr@ovh.net,Female,Dram
929,Jennette,Kitson,jkitsonps@amazon.co.uk,Female,Euro
930,Carolee,Snow,csnowpt@cdbaby.com,Female,Rupiah
931,Dane,Elcott,delcottpu@wired.com,Male,Yuan Renminbi
932,Kimbell,Stoves,kstovespv@about.com,Male,Dirham
933,Burtie,Giff,bgiffpw@si.edu,Male,Yuan Renminbi
934,Omero,Colloby,ocollobypx@studiopress.com,Male,Euro
935,Corrianne,Willmer,cwillmerpy@harvard.edu,Female,Euro
936,Jasmin,Ineson,jinesonpz@shop-pro.jp,Female,Yuan Renminbi
937,Minetta,Brighty,mbrightyq0@fema.gov,Female,Rupiah
938,Pavia,Goldston,pgoldstonq1@noaa.gov,Female,Rupiah
939,Robers,Muzzall,rmuzzallq2@mtv.com,Male,Koruna
940,Berenice,Antognozzii,bantognozziiq3@yahoo.com,Female,Yuan Renminbi
941,Smitty,Challenor,schallenorq4@merriam-webster.com,Male,Sol
942,Vaughn,Van der Spohr,vvanderspohrq5@storify.com,Male,Naira
943,Shurlock,Alexandrou,salexandrouq6@fastcompany.com,Male,Dinar
944,Peta,Emlyn,pemlynq7@chron.com,Genderqueer,Dinar
945,Kale,Stickford,kstickfordq8@dailymail.co.uk,Male,Krona
946,Alida,Cano,acanoq9@typepad.com,Female,Yuan Renminbi
947,Wolfgang,Sinnie,wsinnieqa@cocolog-nifty.com,Male,Yen
948,Jedd,Solland,jsollandqb@is.gd,Male,Sol
949,Berni,Gettone,bgettoneqc@alexa.com,Female,Yuan Renminbi
950,Derk,Benoy,dbenoyqd@mac.com,Male,Rupiah
951,Davita,Blunden,dblundenqe@a8.net,Female,Euro
952,Aylmer,Willavoys,awillavoysqf@nature.com,Bigender,Krona
953,Theodosia,Pretorius,tpretoriusqg@xinhuanet.com,Polygender,Yuan Renminbi
954,Marissa,Greggor,mgreggorqh@army.mil,Female,Peso
955,Lowe,Varnham,lvarnhamqi@microsoft.com,Male,Dong
956,Junia,Debold,jdeboldqj@cmu.edu,Female,Yuan Renminbi
957,Vikki,Nutley,vnutleyqk@china.com.cn,Non-binary,Rupee
958,Theresina,Lailey,tlaileyql@sohu.com,Female,Yuan Renminbi
959,Drugi,Bambrough,dbambroughqm@wikimedia.org,Male,Rupiah
960,Freddie,Gedney,fgedneyqn@wikipedia.org,Male,Yuan Renminbi
961,Preston,Giorgeschi,pgiorgeschiqo@oakley.com,Male,Won
962,Thorn,Rablin,trablinqp@photobucket.com,Male,Yuan Renminbi
963,Edna,Comley,ecomleyqq@angelfire.com,Female,Dinar
964,Konstanze,Cossom,kcossomqr@creativecommons.org,Female,Ringgit
965,Dennison,Wrotham,dwrothamqs@businesswire.com,Male,Dollar
966,Kristofor,Cleal,kclealqt@cbslocal.com,Male,Peso
967,Emmet,Hryniewicki,ehryniewickiqu@seattletimes.com,Male,Yen
968,Victor,Pesselt,vpesseltqv@nifty.com,Non-binary,Dollar
969,Hiram,Folli,hfolliqw@soundcloud.com,Male,Rupiah
970,Martelle,Vanacci,mvanacciqx@goo.ne.jp,Female,Yuan Renminbi
971,Reube,Ledgley,rledgleyqy@opera.com,Male,Euro
972,Sibilla,Edler,sedlerqz@irs.gov,Female,Peso
973,Francklyn,Dublin,fdublinr0@geocities.com,Male,Yuan Renminbi
974,Peirce,Gabbat,pgabbatr1@irs.gov,Male,Baht
975,Ozzie,Brisbane,obrisbaner2@rambler.ru,Male,Yuan Renminbi
976,Blondell,Faragan,bfaraganr3@imdb.com,Female,Ruble
977,Vite,Middle,vmiddler4@multiply.com,Male,Shilling
978,Hastie,Attewell,hattewellr5@list-manage.com,Male,Peso
979,Beau,Semrad,bsemradr6@skyrock.com,Male,Yuan Renminbi
980,Noni,Teffrey,nteffreyr7@ezinearticles.com,Female,Rupiah
981,Keefe,Karpinski,kkarpinskir8@newyorker.com,Male,Koruna
982,Paddy,Cummings,pcummingsr9@deliciousdays.com,Male,Euro
983,Levon,Trace,ltracera@miibeian.gov.cn,Male,Somoni
984,Camey,Westraw,cwestrawrb@wunderground.com,Male,Hryvnia
985,Bartel,Hay,bhayrc@ucoz.com,Male,Ruble
986,Chaddie,Holsey,cholseyrd@sciencedaily.com,Male,Yuan Renminbi
987,Rahal,Cabrer,rcabrerre@liveinternet.ru,Female,Dong
988,Ivette,Loder,iloderrf@dmoz.org,Female,Euro
989,Wilmar,Aldersea,waldersearg@gmpg.org,Male,Krone
990,Pietra,Dungate,pdungaterh@meetup.com,Female,Taka
991,Sallie,Doughty,sdoughtyri@fastcompany.com,Female,Rupiah
992,Lissie,Popplestone,lpopplestonerj@joomla.org,Female,Cordoba
993,Caritta,Bolesma,cbolesmark@google.co.uk,Agender,Euro
994,Herculie,Rait,hraitrl@wsj.com,Male,Ruble
995,Holly,Lawther,hlawtherrm@nytimes.com,Male,Baht
996,Odilia,Davidge,odavidgern@facebook.com,Female,Ruble
997,Alika,Averay,aaverayro@whitehouse.gov,Female,Rial
998,Hendrick,Withringten,hwithringtenrp@nps.gov,Male,Ruble
999,Kylynn,McNirlan,kmcnirlanrq@wisc.edu,Female,Naira
1000,Corly,McRitchie,cmcritchierr@flavors.me,Female,Dollar
